"","digital_spend_alphas","digital_spend_gammas","digital_spend_thetas","nps_score_alphas","nps_score_gammas","nps_score_thetas","radio_spend_alphas","radio_spend_gammas","radio_spend_thetas","search_spend_alphas","search_spend_gammas","search_spend_thetas","social_spend_alphas","social_spend_gammas","social_spend_thetas","tv_spend_alphas","tv_spend_gammas","tv_spend_thetas","train_size","tv_spend_inflexion","digital_spend_inflexion","social_spend_inflexion","search_spend_inflexion","radio_spend_inflexion","nps_score_inflexion","tv_spend_inflation","digital_spend_inflation","social_spend_inflation","search_spend_inflation","radio_spend_inflation","nps_score_inflation","rsq_train","rsq_val","rsq_test","nrmse_train","nrmse_val","nrmse_test","nrmse","decomp.rssd","mape","lambda","lambda_hp","lambda_max","lambda_min_ratio","pos","Elapsed","ElapsedAccum","solID","trial","iterNG","iterPar","iterations","coef0","mape.qt10","robynPareto","error_score","cluster","top_sol"
"1",1.424734675,0.68002785401,0.15906088768,1.3269336335,0.53936820376,0.35372460512,1.5852782985,0.62682581645,0.56813936072,1.5677083005,0.62027432185,0.2357731976,1.46553746975,0.78472952605,0.2030757739,1.63842299825,0.62130028028,0.56504328445,0.73465859036,37905.7435715816,18235.2315681865,10755.6962054897,7701.02995009059,4822.09398049208,51.3765903743951,2.27506789419622,1.1862709929567,1.25341128612473,1.30534334113274,2.28626703015694,1.54176661818944,-0.112516869089363,-0.149361396861339,-0.417034207676386,0.212759865452418,0.265066321066394,0.269709935643209,0.265066321066394,0.258759246714277,0,95561.5803013741,0.4201839428,227396.58932533,1e-04,0,0.0726029872894287,0.20340633392334,"1_2_1",1,2,1,5,FALSE,TRUE,9,0.212268003036508,5,FALSE
"2",1.08518847875,0.57209193648,0.30740753557,1.273694793,0.5940420707,0.31743948484,2.15520362425,0.83676784259,0.4549461424,1.677675065,0.69102262808,0.1738985723,2.098310013,0.77315721313,0.30899399044,1.418209071,0.66239209202,0.57659122065,0.69150454508,40895.7272495218,16370.4546038876,11368.0378500942,8351.29977143936,5601.97612265911,54.49037264315,2.33565629616469,1.43638662698937,1.44420407652451,1.20843640499847,1.8192953710103,1.46071673434749,-0.128582617838689,-0.175213563162549,-0.326644256787773,0.216922072131442,0.247116681211624,0.265076381596857,0.247116681211624,0.23413995753183,0,104834.242458441,0.460965511,227396.58932533,1e-04,0,0.062380313873291,0.413318395614624,"1_4_2",1,4,2,14,FALSE,TRUE,3,0.201167746713754,3,FALSE
"3",1.767022767,0.62408372801,0.23591468197,1.327460156,0.92526211972,0.36866861752,1.82637689325,0.71571801439,0.51182048752,2.38291055275,0.73365172235,0.21409557458,1.3724639195,0.63047585193,0.26521179523,1.08871513525,0.5247895769,0.48455118025,0.69883388234,29832.6908465278,17249.0119703695,8976.82998977691,9016.69517759752,5118.94498861847,89.5861650933548,1.92642426651094,1.30381969105947,1.35872920029703,1.26966830039832,2.02735144797281,1.57781489281553,-0.0898080570402457,-0.128191620495115,-0.25908070320639,0.213163122325882,0.248051263684998,0.256610386009867,0.248051263684998,0.266201052968116,0,76702.7784346665,0.3372421186,227396.58932533,1e-04,0,0.063861608505249,0.419721841812134,"1_4_3",1,4,3,15,FALSE,TRUE,5,0.18229583911504,5,FALSE
"4",2.00247664475,0.61004793533,0.16848474799,1.1022989995,0.46664455591,0.28953852256,1.22226759775,0.78909517706,0.46466134764,1.70796678425,0.86058849238,0.18103716846,1.8087720775,0.73805822095,0.17866352062,1.2178671515,0.61686527572,0.54808754415,0.70147458032,37017.3129979847,16414.3720858513,9997.04471530135,10429.7186952887,5340.46929750103,41.6532444792857,2.19157019926274,1.19952486652791,1.21636087446657,1.21887453988882,1.85175416798845,1.40394893533966,-0.141545143762793,-0.186943448047207,-0.335489068581206,0.217051472900916,0.256926396669988,0.266411800029929,0.256926396669988,0.240787267798891,0,122187.380422479,0.5372853604,227396.58932533,1e-04,0,0.0653941631317139,1.05608868598938,"1_10_3",1,10,3,39,FALSE,TRUE,6,0.204312146355554,4,FALSE
"5",1.767022767,0.62408372801,0.23591468197,1.327460156,0.92526211972,0.36866861752,1.82637689325,0.71571801439,0.51182048752,2.38291055275,0.73365172235,0.21409557458,1.3724639195,0.63047585193,0.26521179523,1.08871513525,0.5247895769,0.48455118025,0.69883388234,29832.6908465278,17249.0119703695,8976.82998977691,9016.69517759752,5118.94498861847,89.5861650933548,1.92642426651094,1.30381969105947,1.35872920029703,1.26966830039832,2.02735144797281,1.57781489281553,-0.101096792157533,-0.138004855264764,-0.267470321156751,0.214264299076991,0.249127727505981,0.257463901081209,0.249127727505981,0.266777793240866,0,83570.7001513615,0.3674475346,227396.58932533,1e-04,0,0.0750250816345215,1.2805962562561,"1_12_1",1,12,1,45,FALSE,TRUE,7,0.184283262989123,NA,NA
"6",1.93390112575,0.60404650486,0.38648598433,1.43833916525,0.85969543917,0.16472251824,2.109867944,0.89638933235,0.51599616004,1.414230412,0.80848602546,0.21014054794,2.08437778525,0.33769348156,0.114070001578,2.59488015125,0.98046576759,0.3183588455,0.63899935019,50285.6729068129,18151.1723513562,4441.98433792642,9918.87414840621,6444.04723964242,68.9611508825871,1.46261152222721,1.61866989102021,1.1281151400517,1.26336913602714,2.04451906773203,1.19588266225984,0.796704522388426,0.345776175018344,0.236415709392148,0.0895407058935368,0.171345458439162,0.192737982887997,0.171345458439162,0.461816987588977,0,9993.19962777887,0.04385051308,227396.58932533,1e-04,0,0.0744748115539551,1.30238389968872,"1_12_4",1,12,4,48,FALSE,TRUE,2,0.104139733534037,6,FALSE
"7",2.240167059,0.57487834591,0.29000179675,1.41572495175,0.76567266116,0.19970808984,2.02788749675,0.88472987524,0.50664301152,1.28553774075,0.82250751084,0.1866799744,2.05895702525,0.66204345254,0.30028329139,2.33108734425,0.9044751272,0.34877906413,0.67526843441,47132.3745446415,16300.1513237739,9668.96122574,9990.83222915812,6288.05786965567,63.1476970032312,1.53011768004871,1.40167326190627,1.42635440313637,1.22725434135074,2.00646139725548,1.24773779349151,0.25252056640444,0.0443797390190764,-0.0115098978652226,0.175160458383232,0.199668824815464,0.231224313206299,0.199668824815464,0.430372648304823,0,15595.9106447541,0.06849147784,227396.58932533,1e-04,0,0.0700106620788574,1.65712761878967,"1_15_4",1,15,4,60,FALSE,TRUE,5,0.149550653651979,6,FALSE
"8",1.008753374,0.47754891931,0.15147337888,0.97270465475,0.62600131431,0.29882522836,1.934297248,0.54587452834,0.48093707476,1.6376116375,0.64750020529,0.15466878224,2.0461113045,0.64460143809,0.19186560988,2.0703399585,0.83409375495,0.61501083745,0.69897384626,53790.6590198188,12771.3825352612,8786.72705125459,7769.51397114604,3763.60370145736,56.3780865845924,2.56259014530274,1.17581210014137,1.23612173035878,1.18119021117531,1.90881070128892,1.4223491308538,-0.121175566549092,-0.153943223724955,-0.280456898122748,0.216209054797251,0.250866245185436,0.258779534943625,0.250866245185436,0.261632720676835,0,97689.7988293926,0.4295439397,227396.58932533,1e-04,0,0.07269287109375,1.77882409095764,"1_16_4",1,16,4,64,FALSE,TRUE,8,0.187135763547682,5,FALSE
"9",1.16570429175,0.55036822965,0.27883247815,1.32815380175,0.66559256671,0.33503511332,2.05110075125,0.8454349852,0.4528066628,1.73153445175,0.56907976809,0.19001340932,0.9458925465,0.49976216652,0.15602389189,1.221226524,0.88263312765,0.4249950128,0.67476842978,48112.3442234682,15517.7027028806,6697.95393208861,6921.92321322815,5646.60924156568,62.1595064080288,1.73000435508175,1.3802731320373,1.1839033691586,1.23225912814656,1.81229981049431,1.49893118237641,-0.0626624301898941,-0.276426692140188,-0.264635693858931,0.208849823431891,0.230762654465995,0.258542025853341,0.230762654465995,0.470110357440455,0,59988.9316530411,0.2637338994,227396.58932533,1e-04,0,0.0658712387084961,1.99962306022644,"1_18_4",1,18,4,72,FALSE,TRUE,6,0.212148763644218,5,FALSE
"10",2.590732975,0.58188370042,0.3172645285,1.3376701835,0.67363766167,0.28395994216,2.103303625,0.85315026928,0.4773432642,1.598093392,0.72801476508,0.18600084758,2.11584065375,0.77649119175,0.28904346274,1.38782273825,0.71527406214,0.57123976355,0.67615224911,43915.3761268558,16741.1177926786,11245.1223823936,8840.61197575028,5857.84916292234,59.8128403385745,2.3071843246655,1.45682343121437,1.40396214494103,1.22623970003852,1.89591141393307,1.39312218813156,-0.0270774740126556,-0.236644002387662,-0.230420090726958,0.205323212805268,0.227138072001881,0.255020525701308,0.227138072001881,0.277096265835804,0,48563.49147717,0.2134843206,227396.58932533,1e-04,0,0.0697269439697266,2.2165744304657,"1_20_4",1,20,4,80,FALSE,TRUE,3,0.179108568656961,2,FALSE
"11",2.484804935,0.75889987017,0.20486169241,1.64028856475,0.48107716935,0.27047299968,1.28314597025,0.69161477985,0.49837688944,2.22130979975,0.83603603781,0.20644531736,1.990398676,0.64572976214,0.2775248098,2.43316950325,0.91250984081,0.40911882375,0.65837630423,49241.9736633381,20705.0598503126,9273.57658253806,10240.1829277839,4866.99792540889,42.1823287491456,1.68419688908037,1.25360939013557,1.38173041800843,1.25754007729033,1.97398751287232,1.36762206578245,0.796893039485393,0.236190780841962,0.243877478651123,0.0901961567945199,0.180321405643206,0.192517561087017,0.180321405643206,0.652926638458474,0,8259.19887215589,0.03622430295,227396.58932533,1e-04,0,0.06449294090271,2.30699872970581,"1_21_2",1,21,2,82,TRUE,TRUE,6,0.181918546214474,4,FALSE
"12",2.6102667695,0.79654591322,0.28093507564,0.9835503605,0.7687666669,0.22107391652,2.08545304475,0.77224254826,0.38285728628,1.7810803425,0.64104485198,0.15980622428,1.9373516685,0.77617718407,0.2191707376,1.6431689645,0.59425968817,0.52882370115,0.73910106455,35037.3312040481,22482.1633731293,10732.2728592365,7706.36101245291,4790.7773944476,64.5370042228532,2.10381511365927,1.38425127061935,1.27909605029239,1.1883479493304,1.60994696146697,1.28166763787191,0.108178239181401,-0.0455326467246469,-0.0618363884370128,0.189628930265278,0.270309953054118,0.276850492962809,0.270309953054118,0.255206149448221,0,26269.6567753633,0.1154350738,227396.58932533,1e-04,0,0.064333438873291,2.59965562820435,"1_24_1",1,24,1,93,FALSE,TRUE,9,0.228669912280794,1,FALSE
"13",2.1965491035,0.55444686155,0.28379528428,1.59491274275,0.76399707795,0.21592636276,1.84488522175,0.79854586677,0.48522423896,1.42369868125,0.76885193082,0.18736356586,1.9878222715,0.64789655145,0.2982827692,1.375216252,0.67664320183,0.6795071105,0.65875209905,48443.7303191864,15671.4240555135,9447.95220304251,9341.68581795365,5533.12571634604,63.8595901069569,3.06139481457865,1.38970001136821,1.42231695487454,1.22827735437461,1.92443033133742,1.27332615710013,0.0266193038660013,-0.33139171502222,-0.201136679431341,0.198922564261494,0.239841767590365,0.244448588511984,0.239841767590365,0.290455753359669,0,37023.9683366945,0.162733,227396.58932533,1e-04,0,0.0621318817138672,2.78938603401184,"1_26_1",1,26,1,101,FALSE,TRUE,9,0.155707942922795,3,FALSE
"14",1.1012916415,0.5677471951,0.30169252408,1.28458659475,0.60835216993,0.32095861052,2.1343830495,0.8454349852,0.4528066628,1.73153445175,0.56907976809,0.19001340932,0.9458925465,0.49976216652,0.15602389189,1.221226524,0.88263312765,0.4249950128,0.67476842978,48112.3442234682,16196.4234139949,6697.95393208861,6921.92321322815,5646.60924156568,56.0010064775308,1.73000435508175,1.42479957752446,1.1839033691586,1.23225912814656,1.81229981049431,1.46820342109741,-0.126957750814347,-0.340039023236703,-0.314009185616893,0.215075165884639,0.236442917821096,0.263540660677203,0.236442917821096,0.487430649293519,0,95865.1803019083,0.4215191887,227396.58932533,1e-04,0,0.0582783222198486,2.78973293304443,"1_26_2",1,26,2,102,FALSE,TRUE,9,0.225786755816931,5,FALSE
"15",2.4259909335,0.62408372801,0.23591468197,1.327460156,0.92526211972,0.36866861752,1.82637689325,0.71571801439,0.51182048752,2.38291055275,0.73365172235,0.21409557458,1.3724639195,0.63047585193,0.26521179523,1.08871513525,0.5247895769,0.48455118025,0.69883388234,29832.6908465278,17249.0119703695,8976.82998977691,9016.69517759752,5118.94498861847,89.5861650933548,1.92642426651094,1.30381969105947,1.35872920029703,1.26966830039832,2.02735144797281,1.57781489281553,-0.0895848912822765,-0.129197478061004,-0.258452681770517,0.213141295938641,0.248161816116058,0.256546380214335,0.248161816116058,0.270442026329315,0,76702.7784346665,0.3372421186,227396.58932533,1e-04,0,0.0597567558288574,2.88530373573303,"1_27_1",1,27,1,105,FALSE,TRUE,6,0.182315917005921,5,FALSE
"16",1.666750111,0.57965457289,0.33118911958,1.2240460565,0.53633318933,0.37814505816,2.205156527,0.81478064316,0.43598576892,1.9118032515,0.6228268589,0.1757757259,2.147323044,0.86538220025,0.29601202198,0.65752011955,0.71527406214,0.57123976355,0.67615224911,43915.3761268558,16810.205030182,12597.7795624652,7532.60893813665,5342.82164375482,52.4836819600275,2.3071843246655,1.48671150706124,1.41776167104185,1.21116378884401,1.75912161755568,1.60155825320835,-0.150963800327808,-0.363650611058144,-0.329442060014123,0.217353822042963,0.238516892764511,0.265083769134245,0.238516892764511,0.346942135567902,0,119954.15694449,0.5274635472,227396.58932533,1e-04,0,0.0610067844390869,2.98499584197998,"1_28_2",1,28,2,110,FALSE,TRUE,8,0.207328992509322,2,FALSE
"17",1.79067257275,0.61789726269,0.23450286304,1.2664585495,0.42182002035,0.38066810832,2.121039492,0.72373104669,0.44448413344,1.861962199,0.62032264516,0.25258678436,2.24909136925,0.59746487162,0.11791774555,1.0118361145,0.66715559363,0.4806055768,0.70939432799,37811.7337211438,17067.5430992172,7871.62317368165,7766.7696996009,4789.75846010069,41.3961951838956,1.9120494396621,1.30144919661441,1.13301187303178,1.33442700768952,1.78559210113277,1.60800041249482,-0.145278034215111,-0.191773792821066,-0.4344931254322,0.216784482247827,0.261089766233244,0.270511855800187,0.261089766233244,0.243453030416469,0,125238.389261951,0.5507038289,227396.58932533,1e-04,0,0.0564479827880859,3.08319449424744,"1_29_4",1,29,4,116,FALSE,TRUE,7,0.213821729769805,5,FALSE
"18",2.240167059,0.57487834591,0.29000179675,1.41572495175,0.76567266116,0.19970808984,1.926034595,0.92309950136,0.5480005068,0.97182788125,0.92769541702,0.19690509608,2.027474635,0.57315244404,0.29331473218,2.938610037,0.90185844467,0.34877906413,0.67526843441,46996.0187097937,16300.1513237739,8326.7692140409,11316.3588496535,6911.65258581886,63.1476970032312,1.53011768004871,1.40167326190627,1.41238837961869,1.24273709079906,2.18642272960435,1.24773779349151,0.252711052763047,0.0476218517307772,-0.0128795941034572,0.17513813816787,0.199329830940711,0.231380811887669,0.199329830940711,0.492834445350926,0,15595.9106447541,0.06849147784,227396.58932533,1e-04,0,0.0566749572753906,3.17391014099121,"1_30_4",1,30,4,120,FALSE,TRUE,6,0.166199905573156,6,FALSE
"19",1.9420511845,0.60055819136,0.35466883414,1.3969960415,0.76674716235,0.29806148736,2.1463877315,0.84765191999,0.46650596184,1.62761046425,0.71382913089,0.1807240212,2.09349320175,0.69038984229,0.27189098881,1.64433497225,0.89039776054,0.332144750595,0.642202178,45991.0794520486,17666.8308989296,9875.54027943857,8650.02388459665,5748.71291346123,69.0027296136504,1.49245474417472,1.54000430652071,1.37111055762381,1.21841286207635,1.85804852888368,1.42081777360322,0.285662342834622,-0.178375322877783,0.00806188899879601,0.168363431113576,0.232270152765955,0.221698511935845,0.232270152765955,0.528748190181022,0,13697.2596010914,0.06014112864,227396.58932533,1e-04,0,0.0583748817443848,3.25737690925598,"1_31_2",1,31,2,122,FALSE,TRUE,8,0.161869103169208,6,FALSE
"20",1.82416150825,0.66588091372,0.28093507564,0.9835503605,0.7687666669,0.22107391652,2.08545304475,0.77224254826,0.49685090408,1.59055453525,0.76378060253,0.21884214206,2.07530916975,0.43408975468,0.21388048306,2.61557215925,0.96401706399,0.33611564172,0.63000442568,49897.3059013554,18794.2003603839,5983.78042193236,9407.23565297114,5424.53114068362,64.5370042228532,1.50127688731324,1.38425127061935,1.27053859597654,1.27731173877786,1.96810725138156,1.28166763787191,0.79141207643334,0.357435408125328,0.263973264657998,0.0911061862454326,0.169605070365155,0.18879948945351,0.169605070365155,0.577335648258511,0,8766.32224235131,0.03845465341,227396.58932533,1e-04,0,0.0589730739593506,3.26249170303345,"1_31_3",1,31,3,123,TRUE,TRUE,3,0.149119984891607,6,FALSE
"21",1.008753374,0.47754891931,0.15147337888,0.97270465475,0.62600131431,0.21953151752,1.934297248,0.54587452834,0.48093707476,1.6376116375,0.64750020529,0.15466878224,2.0461113045,0.64460143809,0.19186560988,2.0703399585,0.83409375495,0.61501083745,0.69897384626,53790.6590198188,12771.3825352612,8786.72705125459,7769.51397114604,3763.60370145736,52.4837131556513,2.56259014530274,1.17581210014137,1.23612173035878,1.18119021117531,1.90881070128892,1.27915682055409,-0.121157781253431,-0.153839649785907,-0.280180404144674,0.216207339919881,0.250854986491022,0.258751593805524,0.250854986491022,0.261031029931452,0,97689.7988293926,0.4295439397,227396.58932533,1e-04,0,0.0586566925048828,3.26773524284363,"1_31_4",1,31,4,124,FALSE,TRUE,7,0.187052166499443,5,FALSE
"22",2.00247664475,0.61004793533,0.16848474799,1.1022989995,0.46664455591,0.28953852256,1.22226759775,0.78909517706,0.46466134764,1.70796678425,0.86058849238,0.17532629152,2.040402426,0.73805822095,0.17866352062,1.2178671515,0.61686527572,0.54808754415,0.70147458032,37017.3129979847,16414.3720858513,9997.04471530135,10406.3321810832,5340.46929750103,41.6532444792857,2.19157019926274,1.19952486652791,1.21636087446657,1.21050966606553,1.85175416798845,1.40394893533966,-0.141778338055103,-0.186897822672107,-0.335215111288164,0.21707364135402,0.25692145857631,0.266384473262282,0.25692145857631,0.241714360526209,0,122187.380422479,0.5372853604,227396.58932533,1e-04,0,0.0607070922851562,3.44856715202332,"1_33_1",1,33,1,129,FALSE,TRUE,6,0.204259923650545,4,FALSE
"23",1.16570429175,0.55036822965,0.27883247815,1.32815380175,0.66559256671,0.33503511332,2.1033659605,0.92078971332,0.53428057724,1.330600836,0.82498178236,0.22542688052,1.8315104425,0.5809309496,0.2175179893,1.221226524,0.88263312765,0.4249950128,0.67476842978,48112.3442234682,15517.7027028806,8024.82479356251,10192.0854372674,6772.92257828677,62.1595064080288,1.73000435508175,1.3802731320373,1.27641025418919,1.28806914494755,2.12324838790121,1.49893118237641,-0.0635207292212085,-0.275102257630727,-0.260995756841157,0.208934149091215,0.230642902447572,0.258169683512073,0.230642902447572,0.38066498269994,0,59988.9316530411,0.2637338994,227396.58932533,1e-04,0,0.0577578544616699,3.46020460128784,"1_33_4",1,33,4,132,FALSE,TRUE,5,0.196041781415603,6,FALSE
"24",1.93390112575,0.60404650486,0.33110881969,1.35780397975,0.85969543917,0.16472251824,2.109867944,0.89638933235,0.51599616004,1.414230412,0.80848602546,0.21014054794,2.08437778525,0.33769348156,0.114070001578,2.59488015125,0.98046576759,0.3183588455,0.63899935019,50285.6729068129,17516.7582849756,4441.98433792642,9918.87414840621,6444.04723964242,68.9611508825871,1.46261152222721,1.48653561249916,1.1281151400517,1.26336913602714,2.04451906773203,1.19588266225984,0.796583709359632,0.343885226124054,0.239030002814187,0.0895673077572853,0.171592905648061,0.192407760235047,0.171592905648061,0.463871776381424,0,9993.19962777887,0.04385051308,227396.58932533,1e-04,0,0.0582215785980225,3.64310669898987,"1_35_2",1,35,2,138,FALSE,TRUE,3,0.104713152233412,6,FALSE
"25",2.590732975,0.58188370042,0.3172645285,1.3376701835,0.67363766167,0.2668672808,2.05725118675,0.94314013092,0.48517695016,1.35407995625,0.77499629177,0.16027111344,2.11584065375,0.77649119175,0.28904346274,1.38782273825,0.71527406214,0.57123976355,0.67615224911,43915.3761268558,16741.1177926786,11245.1223823936,9318.25117520458,6534.659897196,58.8717250513901,2.3071843246655,1.45682343121437,1.40396214494103,1.18899995204979,1.92425664643303,1.36096146895997,-0.0275486982139137,-0.236500651703357,-0.230350109834868,0.20537030865457,0.227124906797652,0.255013273374322,0.227124906797652,0.280590179088739,0,48563.49147717,0.2134843206,227396.58932533,1e-04,0,0.0598025321960449,3.65718722343445,"1_35_4",1,35,4,140,FALSE,TRUE,3,0.179268526702673,2,FALSE
"26",2.14534512175,0.57023639643,0.29004795205,1.52648355575,0.80190697522,0.19020514204,1.9917587565,0.86713532288,0.51589616372,1.49207655525,0.78739345179,0.20218443932,2.0883809285,0.61295111771,0.25315711708,2.30664220175,0.94996104005,0.345595799655,0.66162253718,49417.9128326263,16168.9152871168,8656.7758837689,9626.5583470067,6232.9760479451,65.6293735973897,1.52276458944573,1.40176307986432,1.33693873184425,1.25088528735462,2.04410455078066,1.23321489612827,0.797598823736157,0.309835837546419,0.227035730933335,0.0896054346980622,0.174361984217666,0.200282809217946,0.174361984217666,0.459510304553666,0,8353.48401368191,0.03663897307,227396.58932533,1e-04,0,0.0577418804168701,3.84735035896301,"1_37_4",1,37,4,148,FALSE,TRUE,3,0.110187872460171,6,FALSE
"27",1.26455662975,0.57452222553,0.28407148957,1.36923917975,0.62439981819,0.29095401492,2.11436990025,0.91197537457,0.46908039464,1.4771004625,0.73105025509,0.22010007134,2.0800961835,0.69152145669,0.21253588111,1.71477961025,0.61076449453,0.6227415716,0.67691585228,39769.0500199425,16241.1078682499,9525.03741933629,9009.30707509965,6202.98761952039,55.8099150141926,2.61366418478223,1.39022847300488,1.2683817654579,1.27935287205887,1.866905206485,1.40672280930461,-0.128264790232851,-0.338666206663443,-0.311786129544865,0.215199851241664,0.236321773613248,0.263317635725861,0.236321773613248,0.309478293748165,0,96434.3875651529,0.4240225868,227396.58932533,1e-04,0,0.0553395748138428,3.9327130317688,"1_38_3",1,38,3,151,FALSE,TRUE,7,0.200065621329947,3,FALSE
"28",1.8477394435,0.65281636922,0.29568182734,1.06623949675,0.76836276599,0.22096903268,2.09058726775,0.79603168454,0.50002977116,1.5579140405,0.77203551038,0.216678877,2.075092527,0.4191358756,0.19580018293,2.602225443,0.89039776054,0.332144750595,0.63244397615,45991.0794520486,18564.4170763008,5724.29934365905,9499.52977815137,5612.85307001602,64.4973848729702,1.49245474417472,1.41281425895604,1.24213557096339,1.27381681153618,1.9803965518649,1.28149659009513,0.789373450770225,0.325442433874241,0.233509678130306,0.0911408786845225,0.169540125013168,0.192999971051213,0.169540125013168,0.560380885752076,0,9752.50971500882,0.04279194846,227396.58932533,1e-04,0,0.0565857887268066,3.93992710113525,"1_38_4",1,38,4,152,TRUE,TRUE,2,0.144105671291763,6,FALSE
"29",2.44089626975,0.49744965408,0.2728353439,1.337682999,0.7272213204,0.22795823716,2.023089458,0.8801652836,0.46610281248,1.17739196,0.79951595057,0.14980432802,2.09075686875,0.76566336621,0.30595144375,1.69443396475,0.71456995552,0.54509338485,0.69662756603,42759.7048724429,13984.4836926166,11231.1907849487,9577.06305047047,5966.50100841396,61.4073315916982,2.17745538456748,1.36905185773783,1.43791898504425,1.17449209285747,1.85666921001817,1.29299513358819,-0.0361946425126771,-0.0803498193958641,-0.214853785715813,0.207853689125031,0.242734893244599,0.252063203628632,0.242734893244599,0.259268735845019,0,53644.3984130228,0.2358303685,227396.58932533,1e-04,0,0.0569038391113281,4.10207343101501,"1_40_1",1,40,1,157,FALSE,TRUE,3,0.171574546496324,2,FALSE
"30",2.1965491035,0.55444686155,0.28379528428,1.3036896435,0.98001232313,0.1022130745576,2.0051783145,0.79854586677,0.48522423896,1.42369868125,0.76885193082,0.18736356586,1.9878222715,0.64789655145,0.2982827692,1.375216252,0.67664320183,0.6795071105,0.65875209905,48443.7303191864,15671.4240555135,9447.95220304251,9341.68581795365,5533.12571634604,75.070087967537,3.06139481457865,1.38970001136821,1.42231695487454,1.22827735437461,1.92443033133742,1.11318068863837,0.0268965334831275,-0.329029712120484,-0.201306366739282,0.198894234568014,0.239628923231453,0.244465854805962,0.239628923231453,0.280723994558879,0,37023.9683366945,0.162733,227396.58932533,1e-04,0,0.123122215270996,4.26113295555115,"1_41_1",1,41,1,161,FALSE,TRUE,7,0.1551054907056,3,FALSE
"31",1.16570429175,0.55036822965,0.27883247815,1.32815380175,0.8960930871,0.17079658,2.174151905,0.91059697419,0.52713556228,1.500458634,0.80056798862,0.2319662733,2.0541409245,0.47313900163,0.21421103275,2.53118367125,0.88263312765,0.4249950128,0.67476842978,48112.3442234682,15517.7027028806,6523.30214526543,9921.20312484144,6637.56715839634,72.2202687329691,1.73000435508175,1.3802731320373,1.27106994103066,1.2989336125815,2.09177232345889,1.20457544306768,-0.0630194477493062,-0.269253810877404,-0.262321742364127,0.208884903618473,0.230113355495868,0.258305385521829,0.230113355495868,0.51036567379625,0,59988.9316530411,0.2637338994,227396.58932533,1e-04,0,0.121058464050293,4.26526403427124,"1_41_2",1,41,2,162,FALSE,TRUE,7,0.220322521256512,6,FALSE
"32",2.13860999675,0.54198997123,0.23591468197,1.327460156,0.92526211972,0.36866861752,1.82637689325,0.71571801439,0.51182048752,2.38291055275,0.73365172235,0.21409557458,1.3724639195,0.63047585193,0.26521179523,1.08871513525,0.5247895769,0.48455118025,0.69883388234,29832.6908465278,14980.0276500987,8976.82998977691,9016.69517759752,5118.94498861847,89.5861650933548,1.92642426651094,1.30381969105947,1.35872920029703,1.26966830039832,2.02735144797281,1.57781489281553,-0.0897267316196666,-0.128370471653487,-0.25894444221221,0.213155168675748,0.248070924572796,0.256596500111884,0.248070924572796,0.26559846946216,0,76702.7784346665,0.3372421186,227396.58932533,1e-04,0,0.0539445877075195,4.34610891342163,"1_42_1",1,42,1,165,FALSE,TRUE,5,0.182241476333284,5,FALSE
"33",2.5439418975,0.66862605108,0.37710541777,1.272374928,0.99915199536,0.11245384346,2.05817485875,0.86380040584,0.55206306304,1.31842159225,0.87329633137,0.24436479172,2.06580379625,0.54552358845,0.17648504443,2.59488015125,0.98046576759,0.3183588455,0.63899935019,50285.6729068129,19961.3537646333,7381.50850806041,10888.5284745212,6502.43313749152,77.0949934145642,1.46261152222721,1.59464929669258,1.2131606101961,1.32004446204844,2.20585634613306,1.12594071792024,0.797561078910644,0.362909638809348,0.255232157708083,0.0893518732770658,0.169086890340094,0.190348419536344,0.169086890340094,0.462473698547796,0,9993.19962777887,0.04385051308,227396.58932533,1e-04,0,0.0532000064849854,4.36124157905579,"1_42_4",1,42,4,168,FALSE,TRUE,1,0.102741057063847,6,FALSE
"34",2.590732975,0.58188370042,0.3172645285,1.3376701835,0.67363766167,0.2668672808,2.05725118675,0.94314013092,0.45433463056,1.43889342575,0.72749334236,0.14732424004,2.137808434,0.90732325101,0.31775253925,1.38782273825,0.71527406214,0.57123976355,0.67615224911,43915.3761268558,16741.1177926786,13433.651358315,8706.79284176569,6309.83669481399,58.8717250513901,2.3071843246655,1.45682343121437,1.46260665373697,1.17110638304309,1.8172903670782,1.36096146895997,-0.0277379669178675,-0.237646352566117,-0.22954101292343,0.205389221812878,0.227230105671606,0.254929409284385,0.227230105671606,0.274528232508147,0,48563.49147717,0.2134843206,227396.58932533,1e-04,0,0.0482702255249023,4.43160843849182,"1_43_2",1,43,2,170,FALSE,TRUE,4,0.178776934278788,2,FALSE
"35",2.185616086,0.70256441498,0.38570447365,1.47871879275,0.48107716935,0.27047299968,1.28314597025,0.69161477985,0.49837688944,2.22130979975,0.83603603781,0.20644531736,1.64604271525,0.56713908592,0.2662929943,2.96304346975,0.73312081491,0.67188369055,0.65221696748,51482.1579399582,21099.945553301,8081.0339919569,10240.1829277839,4866.99792540889,42.1823287491456,2.9925830873776,1.61664093939074,1.36071828866724,1.25754007729033,1.97398751287232,1.36762206578245,0.115221892081634,-0.192783588394081,-0.120405043207938,0.189653066222172,0.228137139433264,0.242426276646815,0.228137139433264,0.558262044501553,0,25568.5435072473,0.1123515474,227396.58932533,1e-04,0,0.0502269268035889,4.44542145729065,"1_43_4",1,43,4,172,FALSE,TRUE,9,0.203623386739619,4,FALSE
"36",2.24036440975,0.49579600873,0.26504341864,1.4619682635,0.81141698937,0.16781892956,2.0135949295,0.87582413049,0.5283671956,1.6860357745,0.70544180075,0.17539846894,2.03471514475,0.67658242405,0.2961088582,2.2300207625,0.82497519389,0.40139147925,0.70089704129,44306.8620680743,13885.9565429842,9850.05077809638,8530.52041886542,6394.01302502254,65.2446117730277,1.66276351216535,1.35474369435498,1.41795533746249,1.21061466788996,2.09713133686209,1.20029836906295,0.044570660133913,-0.0261534270977564,-0.182481049232056,0.198570842623163,0.238891040634906,0.250686174379043,0.238891040634906,0.374708335000363,0,35535.7437809202,0.1561877242,227396.58932533,1e-04,0,0.0489580631256104,4.52056074142456,"1_44_3",1,44,3,175,FALSE,TRUE,9,0.178904460405214,6,FALSE
"37",2.14534512175,0.57023639643,0.29004795205,1.52648355575,0.80190697522,0.19020514204,1.9917587565,0.86713532288,0.51589616372,1.49207655525,0.78739345179,0.20218443932,2.0883809285,0.61295111771,0.25315711708,2.30664220175,0.94939775474,0.324678696695,0.67800279071,48849.5094087852,16168.9152871168,8656.7758837689,9626.5583470067,6232.9760479451,65.6293735973897,1.47614371419141,1.40176307986432,1.33693873184425,1.25088528735462,2.04410455078066,1.23321489612827,0.320516656032436,0.110223740136261,0.038070561673324,0.167003609134969,0.192667292487903,0.225486236312239,0.192667292487903,0.419139647694074,0,12418.2095555429,0.05451581136,227396.58932533,1e-04,0,0.0798165798187256,4.66611480712891,"1_45_2",1,45,2,178,FALSE,TRUE,4,0.136006534512143,6,FALSE
"38",2.240167059,0.57487834591,0.29000179675,1.41572495175,0.76567266116,0.19970808984,2.02788749675,0.88472987524,0.50664301152,1.28553774075,0.88012559738,0.18866404478,2.021315773,0.5487155447,0.29084241502,2.5763763255,0.90391184189,0.34877906413,0.67526843441,47103.0216377367,16300.1513237739,7957.0753731584,10699.359979548,6288.05786965567,63.1476970032312,1.53011768004871,1.40167326190627,1.40749881239634,1.2302282839267,2.00646139725548,1.24773779349151,0.253592979789202,0.0462716196579037,-0.0145455211865069,0.175034761383843,0.199471080614048,0.231571014749049,0.199471080614048,0.460173618334895,0,15595.9106447541,0.06849147784,227396.58932533,1e-04,0,0.0787715911865234,4.67732977867126,"1_45_4",1,45,4,180,FALSE,TRUE,5,0.157659879710143,6,FALSE
"39",1.26455662975,0.57452222553,0.26131248649,1.19295378975,0.62439981819,0.29095401492,2.11436990025,0.91197537457,0.46908039464,1.4771004625,0.73105025509,0.22010007134,2.0800961835,0.69152145669,0.21253588111,1.71477961025,0.61076449453,0.6227415716,0.67691585228,39769.0500199425,16062.5733482626,9525.03741933629,9009.30707509965,6202.98761952039,55.8099150141926,2.61366418478223,1.34799867353456,1.2683817654579,1.27935287205887,1.866905206485,1.40672280930461,-0.128237601660771,-0.338581200855087,-0.311819457701685,0.215197258316685,0.23631427023331,0.263320980720719,0.23631427023331,0.299620128154875,0,96434.3875651529,0.4240225868,227396.58932533,1e-04,0,0.0840907096862793,4.78182101249695,"1_46_1",1,46,1,181,FALSE,TRUE,6,0.199401898001615,3,FALSE
"40",1.008753374,0.47754891931,0.15147337888,0.97270465475,0.62600131431,0.21953151752,1.934297248,0.54587452834,0.48093707476,1.6376116375,0.64750020529,0.15466878224,2.0461113045,0.64460143809,0.19186560988,2.0703399585,0.83409375495,0.61501083745,0.72272072447,53790.6590198188,12771.3825352612,8786.72705125459,7769.51397114604,3763.60370145736,52.4837131556513,2.56259014530274,1.17581210014137,1.23612173035878,1.18119021117531,1.90881070128892,1.27915682055409,-0.14606621429571,-0.173663766481036,-0.451008939674452,0.217024806697339,0.258145973804164,0.272500498937908,0.258145973804164,0.255227650136678,0,134261.587222149,0.5903882428,227396.58932533,1e-04,0,0.0820991992950439,4.79447770118713,"1_46_4",1,46,4,184,FALSE,TRUE,7,0.218625054071145,NA,NA
"41",2.34938976425,0.50684324472,0.25323808942,1.5159296735,0.50274530752,0.17573930148,1.9634300155,0.85558257055,0.5443424976,1.38126065125,0.62027432185,0.2357731976,2.00384172275,0.83208088199,0.33318758311,1.35552376175,0.73755248866,0.6040856709,0.70846763996,46946.4476585267,14117.4487773745,12544.4220929595,7701.02995009059,6375.51985323119,40.675521442342,2.49371097851559,1.33363019436946,1.49620141492708,1.30534334113274,2.16921474987066,1.21174252131522,-0.0418352169042715,-0.0987305538445125,-0.252813322847086,0.207355571336548,0.24719479003258,0.258033723671193,0.24719479003258,0.232240497306409,0,55712.7691197369,0.2449271521,227396.58932533,1e-04,0,0.0896430015563965,4.90724992752075,"1_47_1",1,47,1,185,FALSE,TRUE,2,0.184873880954558,3,FALSE
"42",2.44089626975,0.49744965408,0.2728353439,1.337682999,0.7272213204,0.22795823716,2.023089458,0.8801652836,0.49495633488,1.10074490425,0.85136419527,0.17718372304,2.09075686875,0.76566336621,0.30595144375,1.69443396475,0.71456995552,0.54509338485,0.69662756603,42759.7048724429,13984.4836926166,11231.1907849487,10302.253600778,6168.74553724061,61.4073315916982,2.17745538456748,1.36905185773783,1.43791898504425,1.21321763483343,1.96085527797418,1.29299513358819,-0.036215392347382,-0.0795400156984549,-0.214590071589114,0.207855770253384,0.242643902132329,0.252035843860661,0.242643902132329,0.268587922124221,0,53644.3984130228,0.2358303685,227396.58932533,1e-04,0,0.0876142978668213,4.91617298126221,"1_47_3",1,47,3,187,FALSE,TRUE,4,0.171859979739325,2,FALSE
"43",2.537188392,0.58138125806,0.31633783477,1.330744507,0.67287453238,0.27104216008,2.0624159,0.85727230097,0.48009844884,1.54250966125,0.79655777913,0.19095366978,1.339365999,0.357645992446,0.1521685732,2.89033205075,0.75370405857,0.5470232674,0.67647565658,45183.3722342292,16718.0199725732,4784.7921565028,9692.57614761573,5904.85478352954,59.0306165954523,2.18653225872083,1.45487720168701,1.17854777038338,1.23367823349486,1.90578492501672,1.36867937747866,-0.0293880669472908,-0.238269415632751,-0.241134442572903,0.205554038548442,0.227287295220168,0.256128463189522,0.227287295220168,0.522093892783373,0,49492.7270641907,0.2175711388,227396.58932533,1e-04,0,0.0903847217559814,4.92543983459473,"1_47_4",1,47,4,188,FALSE,TRUE,7,0.218853291144064,6,FALSE
"44",2.00247664475,0.61004793533,0.16848474799,1.1022989995,0.46664455591,0.28953852256,1.22226759775,0.78909517706,0.46466134764,1.70796678425,0.86058849238,0.17532629152,2.040402426,0.73805822095,0.17866352062,1.12324126125,0.61686527572,0.54808754415,0.70147458032,37017.3129979847,16414.3720858513,9997.04471530135,10406.3321810832,5340.46929750103,41.6532444792857,2.19157019926274,1.19952486652791,1.21636087446657,1.21050966606553,1.85175416798845,1.40394893533966,-0.141774140079656,-0.186890037795628,-0.335218460121146,0.217073242296417,0.256920615999527,0.266384807319522,0.256920615999527,0.24196601170574,0,122187.380422479,0.5372853604,227396.58932533,1e-04,0,0.0971007347106934,5.04706645011902,"1_48_1",1,48,1,189,FALSE,TRUE,6,0.204263794775899,4,FALSE
"45",2.1965491035,0.55444686155,0.28379528428,1.3036896435,0.98001232313,0.1022130745576,2.0051783145,0.79854586677,0.48522423896,1.42369868125,0.76885193082,0.18736356586,1.9878222715,0.73344774284,0.2982827692,1.375216252,0.67664320183,0.6795071105,0.65875209905,48443.7303191864,15671.4240555135,10695.5025494012,9341.68581795365,5533.12571634604,75.070087967537,3.06139481457865,1.38970001136821,1.42231695487454,1.22827735437461,1.92443033133742,1.11318068863837,0.0265676986970207,-0.330060271531146,-0.200715454866125,0.198927837273651,0.239721812045453,0.24440572212502,0.239721812045453,0.277541203859858,0,37023.9683366945,0.162733,227396.58932533,1e-04,0,0.0960450172424316,5.06017994880676,"1_48_3",1,48,3,191,FALSE,TRUE,6,0.154780701718536,3,FALSE
"46",1.0262650805,0.53895128117,0.26715812392,1.5160310825,0.51142905987,0.21461562304,2.07730771975,0.76083256219,0.53527548584,1.576726637,0.62526902534,0.24762932384,1.9872115035,0.64681833739,0.29406381682,1.59687948825,0.72249994563,0.6425988973,0.71199841223,48294.9651440733,15109.8240818627,9402.26098686803,7808.88607357224,5603.46880698116,42.701557053415,2.75464593710307,1.35859704594999,1.41387655875584,1.32571772035825,2.12770654652329,1.2712193819773,-0.138852767046122,-0.160340653285137,-0.339518695088522,0.216175522112261,0.26000650675615,0.267254179021006,0.26000650675615,0.252756938523752,0,117592.327474735,0.5170761193,227396.58932533,1e-04,0,0.0912811756134033,5.20542097091675,"1_49_4",1,49,4,196,FALSE,TRUE,8,0.206455828870533,3,FALSE
"47",1.93390112575,0.60404650486,0.38648598433,1.43833916525,0.85969543917,0.16472251824,2.109867944,0.89638933235,0.53008661656,1.016351622,0.90716556964,0.20308684832,2.06431075725,0.33769348156,0.114070001578,2.59488015125,0.98046576759,0.3183588455,0.63899935019,50285.6729068129,18151.1723513562,4441.98433792642,11095.1943013405,6558.38445691849,68.9611508825871,1.46261152222721,1.61866989102021,1.1281151400517,1.25228880379287,2.10465886492742,1.19588266225984,0.796857478748309,0.345828306360298,0.233942524976667,0.089507015037016,0.171338631535053,0.193049861502136,0.171338631535053,0.46919725626599,0,9993.19962777887,0.04385051308,227396.58932533,1e-04,0,0.0894627571105957,5.32107615470886,"1_50_2",1,50,2,198,FALSE,TRUE,2,0.107309260334204,6,FALSE
"48",2.590732975,0.58188370042,0.3172645285,1.3376701835,0.67363766167,0.2668672808,2.1691500745,0.94119428989,0.40073524384,1.61235961825,0.813685697,0.14732424004,2.137808434,0.90732325101,0.31775253925,1.38782273825,0.71527406214,0.57123976355,0.67615224911,43915.3761268558,16741.1177926786,13433.651358315,9738.36101249283,5946.52812525596,58.8717250513901,2.3071843246655,1.45682343121437,1.46260665373697,1.17110638304309,1.65723142627365,1.36096146895997,-0.0275579984991747,-0.238409462020722,-0.229621434595245,0.205371238050002,0.227300147780513,0.254937746344247,0.227300147780513,0.26325136555429,0,48563.49147717,0.2134843206,227396.58932533,1e-04,0,0.0964436531066895,5.3401575088501,"1_50_4",1,50,4,200,FALSE,TRUE,3,0.178335227637834,2,FALSE
"49",1.41471238975,0.51805573531,0.33611790514,1.541865291,0.71386949646,0.21552401524,2.10365598425,0.91666946404,0.46271639876,1.8640894185,0.79067475744,0.19665008568,2.12343838675,0.68338831279,0.23443216951,2.12324792325,0.93867826148,0.3758409377,0.64081024088,49657.0974320879,15067.5182304794,9536.63865898252,9643.89392041028,6190.32518263781,59.6495256159055,1.59560332583054,1.49758863002462,1.30444006198884,1.24234619768209,1.84516351658305,1.27267871743733,0.790045283170128,0.308050293578547,0.236388159166455,0.090592736741891,0.176653976197125,0.193059591674488,0.176653976197125,0.467789625273291,0,10011.067540275,0.04392909693,227396.58932533,1e-04,0,0.102252721786499,5.46596360206604,"1_51_1",1,51,1,201,TRUE,TRUE,4,0.106756456946923,6,FALSE
"50",2.8769695445,0.57398400526,0.3285935677,1.21147910175,0.59857807644,0.30838732156,2.19043298975,0.98892410447,0.37701240764,1.6860357745,0.70544180075,0.17539846894,2.03471514475,0.67658242405,0.2961088582,2.2300207625,0.82497519389,0.7177852778,0.69272497712,65520.1496696026,16620.6277108764,9850.05077809638,8530.52041886542,6098.95026018975,54.4143951461022,3.46078860937485,1.48104714514918,1.41795533746249,1.21061466788996,1.5950693561355,1.44180409143217,-0.0926671979130718,-0.129152103351355,-0.259790567020431,0.213442558773092,0.248156830104447,0.256682713684769,0.248156830104447,0.252662179958886,0,78125.9478987061,0.3435012793,227396.58932533,1e-04,0,0.103376388549805,5.61615204811096,"1_52_1",1,52,1,205,FALSE,TRUE,5,0.182044529100355,2,FALSE
"51",0.94090952475,0.56240298525,0.2821623577,1.47530324325,0.73823050243,0.23066290524,2.0701207065,0.78203749223,0.51638537324,1.68310186675,0.75821688038,0.22344390512,2.0883809285,0.61295111771,0.25315711708,2.30664220175,0.94996104005,0.345595799655,0.66162253718,49417.9128326263,15883.3022972855,8656.7758837689,9358.5751032272,5624.67938918404,62.4814791001476,1.52276458944573,1.38658398624101,1.33693873184425,1.28481053129229,2.04613408389929,1.29750016296214,0.790199160206631,0.272064105528739,0.258264876344667,0.0912286915704077,0.179069725513201,0.196195204224109,0.179069725513201,0.473876224105041,0,8353.48401368191,0.03663897307,227396.58932533,1e-04,0,0.102628231048584,5.63841485977173,"1_52_4",1,52,4,208,FALSE,TRUE,5,0.111691465682707,6,FALSE
"52",1.26455662975,0.57452222553,0.26131248649,1.19295378975,0.62439981819,0.29095401492,2.11436990025,0.91197537457,0.46908039464,1.4771004625,0.73105025509,0.22010007134,2.0800961835,0.69152145669,0.117913160239,2.84608438625,0.90617553297,0.6227415716,0.67691585228,59004.3141346388,16062.5733482626,9110.8041039197,9009.30707509965,6202.98761952039,55.8099150141926,2.61366418478223,1.34799867353456,1.13300601236279,1.27935287205887,1.866905206485,1.40672280930461,-0.129124815973884,-0.339017552957655,-0.311741665231273,0.21528185422426,0.236352784081593,0.263313172979655,0.236352784081593,0.458427930856116,0,96434.3875651529,0.4240225868,227396.58932533,1e-04,0,0.102894067764282,5.77978825569153,"1_53_3",1,53,3,211,FALSE,TRUE,8,0.219673118510392,6,FALSE
"53",1.8477394435,0.65281636922,0.29568182734,1.06623949675,0.45325334836,0.24611495872,2.1307745205,0.90291956697,0.4433512164,1.5128177795,0.67166035571,0.18806617406,2.057633888,0.98498958738,0.19580018293,2.602225443,0.89039776054,0.332144750595,0.63244397615,45991.0794520486,18564.4170763008,13452.3804255098,8163.12987197193,5968.27181630218,38.8808137204572,1.49245474417472,1.41281425895604,1.24213557096339,1.22933060976421,1.78201731595864,1.32384963078899,0.784434019532635,0.291952603944517,0.235055984040676,0.0922033640985956,0.173697734902407,0.192805195164945,0.173697734902407,0.656718745464411,0,9752.50971500882,0.04279194846,227396.58932533,1e-04,0,0.101959943771362,5.78685665130615,"1_53_4",1,53,4,212,TRUE,TRUE,4,0.183608317714388,6,FALSE
"54",2.6102667695,0.79654591322,0.28093507564,0.9835503605,0.7687666669,0.22107391652,2.08545304475,0.77224254826,0.38285728628,1.7810803425,0.69374672351,0.17439703602,2.0833453715,0.99663449912,0.38633861011,1.20830162375,0.6666674053,0.5845461144,0.70684056179,41510.6567496508,22482.1633731293,16083.7046421249,8385.83878497002,4790.7773944476,64.5370042228532,2.37929649888736,1.38425127061935,1.62466375336505,1.20915943896402,1.60994696146697,1.28166763787191,0.116042187549454,0.0251005133112606,-0.122662032578451,0.190999381584229,0.232848601125972,0.244263066994134,0.232848601125972,0.25295063561091,0,26269.6567753633,0.1154350738,227396.58932533,1e-04,0,0.107166767120361,5.91781783103943,"1_54_1",1,54,1,213,FALSE,TRUE,2,0.153390927604124,1,TRUE
"55",2.31195690225,0.57623712522,0.30111080083,1.46369346925,0.50274530752,0.17573930148,1.9634300155,0.85558257055,0.5443424976,1.38126065125,0.62027432185,0.29695185978,1.96381223675,0.64730679935,0.24314084845,2.32116969225,0.94970585302,0.40178093645,0.6787453208,51017.8886058914,16433.5447691818,9082.73309984544,7959.87610604328,6375.51985323119,40.675521442342,1.66383075454965,1.42363068622364,1.31935636751148,1.41778504696096,2.16921474987066,1.21174252131522,0.122573387893459,-0.0803347931465463,-0.112363197985365,0.189776245454513,0.212298423361827,0.242477661943392,0.212298423361827,0.475923411259743,0,24856.535643862,0.1092201061,227396.58932533,1e-04,0,0.103939533233643,5.9294228553772,"1_54_3",1,54,3,215,FALSE,TRUE,6,0.181851043905021,6,FALSE
"56",2.44089626975,0.49744965408,0.2728353439,1.337682999,0.7272213204,0.22795823716,2.023089458,0.8801652836,0.46610281248,1.525517103,0.67317556038,0.114075975726,2.14645982675,0.93293329743,0.37672997827,1.218554624,0.69072945877,0.58780005115,0.69834586211,43161.8108062532,13984.4836926166,14867.7253671719,7970.33780783861,5966.50100841396,61.4073315916982,2.39761890670971,1.36905185773783,1.59983695670151,1.12753848722027,1.85666921001817,1.29299513358819,-0.0358426550624118,-0.0802205528813746,-0.214869883685264,0.207818382966684,0.24272037089652,0.252064873661832,0.24272037089652,0.234370374655363,0,53644.3984130228,0.2358303685,227396.58932533,1e-04,0,0.0787148475646973,6.05760049819946,"1_55_1",1,55,1,217,FALSE,TRUE,2,0.171084918630745,2,FALSE
"57",2.5425911965,0.65117709249,0.36495190117,1.284048844,0.67287453238,0.27104216008,2.0624159,0.85727230097,0.48009844884,1.54250966125,0.79655777913,0.19095366978,1.339365999,0.357645992446,0.1521685732,2.89033205075,0.75370405857,0.5470232674,0.67647565658,45183.3722342292,19283.0759133982,4784.7921565028,9692.57614761573,5904.85478352954,59.0306165954523,2.18653225872083,1.56457399222148,1.17854777038338,1.23367823349486,1.90578492501672,1.36867937747866,-0.0294487530534928,-0.238698229349861,-0.241106106933024,0.205560097531817,0.227326646702239,0.25612553941065,0.227326646702239,0.531789193592934,0,49492.7270641907,0.2175711388,227396.58932533,1e-04,0,0.077312707901001,6.06298995018005,"1_55_2",1,55,2,218,FALSE,TRUE,8,0.221179750772956,6,FALSE
"58",2.00247664475,0.61004793533,0.16848474799,1.1022989995,0.46664455591,0.28953852256,1.22226759775,0.78909517706,0.46466134764,1.70796678425,0.79565182282,0.1436416011,2.0923310065,0.95041510912,0.36777085342,1.19128955125,0.65670697937,0.57725440035,0.70147458032,40573.0434945096,16414.3720858513,14971.5367472183,9510.44729597893,5340.46929750103,41.6532444792857,2.33923347936307,1.19952486652791,1.57736028707721,1.16611498409789,1.85175416798845,1.40394893533966,-0.14145376996731,-0.186503855179016,-0.334284301539469,0.217042785897212,0.256878815013482,0.266291605644512,0.256878815013482,0.240418628252236,0,122187.380422479,0.5372853604,227396.58932533,1e-04,0,0.0745785236358643,6.06776213645935,"1_55_3",1,55,3,219,FALSE,TRUE,5,0.20403016263064,4,FALSE
"59",1.87745338125,0.74089097325,0.28977409639,1.35615365475,0.7534386801,0.16175818844,2.04133079975,0.74514262128,0.45396376136,1.76043989675,0.75528746774,0.22034199644,2.053947293,0.65820677998,0.28494281152,2.05360357,0.88233653002,0.33995032461,0.7042235195,45762.07034124,21004.8393576568,9503.48242362868,9309.03776235525,4983.13781010835,60.2998299183129,1.50989547789126,1.40123032772878,1.39596630680796,1.279746172522,1.81607652842957,1.19168551214887,0.529999256328166,0.34450976921587,0.20395432443145,0.139272529817383,0.190931165694255,0.205684839355693,0.190931165694255,0.282823216998923,0,5897.71009255586,0.02583837342,227396.58932533,1e-04,0,0.0758805274963379,6.07720732688904,"1_55_4",1,55,4,220,FALSE,TRUE,2,0.0679039972381174,6,FALSE
"60",2.1965491035,0.55444686155,0.28379528428,1.3036896435,0.98001232313,0.1022130745576,2.0051783145,0.79854586677,0.48522423896,1.42369868125,0.76885193082,0.18736356586,1.9878222715,0.74905614698,0.32472736363,0.636987912775,0.67664320183,0.6795071105,0.65875209905,48443.7303191864,15671.4240555135,11174.3488773279,9341.68581795365,5533.12571634604,75.070087967537,3.06139481457865,1.38970001136821,1.4775993360647,1.22827735437461,1.92443033133742,1.11318068863837,0.0269780776989244,-0.329221420875519,-0.20059076976777,0.198885900914538,0.239646205503476,0.244393031964943,0.239646205503476,0.274996441829384,0,37023.9683366945,0.162733,227396.58932533,1e-04,0,0.0714116096496582,6.17369556427002,"1_56_1",1,56,1,221,FALSE,TRUE,5,0.154610106246222,3,FALSE
"61",1.767022767,0.62408372801,0.23591468197,1.327460156,0.92526211972,0.36866861752,2.00630843125,0.7105577637,0.41806447208,1.97074532625,0.73365172235,0.21409557458,1.3724639195,0.63047585193,0.26521179523,1.08871513525,0.5247895769,0.48455118025,0.69883388234,29832.6908465278,17249.0119703695,8976.82998977691,9016.69517759752,4571.20544376162,89.5861650933548,1.92642426651094,1.30381969105947,1.35872920029703,1.26966830039832,1.70579962475033,1.57781489281553,-0.0896483215601713,-0.129280032905233,-0.258886549675701,0.213147499867764,0.248170887419368,0.25659060025144,0.248170887419368,0.26076464425772,0,76702.7784346665,0.3372421186,227396.58932533,1e-04,0,0.0788731575012207,6.29751420021057,"1_57_1",1,57,1,225,FALSE,TRUE,6,0.182060999399094,5,TRUE
"62",2.27503760675,0.53064443654,0.29449869892,2.0701257635,0.4407824691,0.25703064252,1.9177748325,0.97251554335,0.47110917124,1.28390077675,0.7281979128,0.103217843606,2.1644641795,0.96152609852,0.3831466063,1.24278497675,0.7477012456,0.5487643713,0.67326484721,44897.4113397401,15080.8745630174,15452.2891221589,8594.26738570891,6630.01772227833,38.1799376647547,2.19478611698155,1.41047896184945,1.6163314839935,1.11400670875935,1.87394447382391,1.3431153519677,0.785005364790525,0.208451591183159,0.297075180554581,0.0932665229037478,0.180418826110023,0.191371999331952,0.180418826110023,0.421808357306858,0,6670.22598905046,0.02923593166,227396.58932533,1e-04,0,0.0872130393981934,6.3196382522583,"1_57_3",1,57,3,227,TRUE,TRUE,4,0.0872399982627423,2,FALSE
"63",2.590732975,0.79460488175,0.3064136299,0.5315901389,0.93602501991,0.2381019,2.1913937565,0.78292173482,0.38373312256,1.83663707825,0.69993239097,0.20426759398,2.07291338775,0.93540997156,0.32030614231,1.36023605575,0.6504469899,0.59986515805,0.67615224911,41199.6481752219,22725.4743485916,13878.1158066442,8564.98424263559,4861.335523972,79.7327407941031,2.46807952466501,1.43435790415914,1.46806039849483,1.25412999079899,1.61220032506286,1.31005375038673,-0.0266610843816046,-0.236938495165999,-0.229128553742993,0.205281588329088,0.227165115573002,0.25488664666249,0.227165115573002,0.268997425610504,0,48563.49147717,0.2134843206,227396.58932533,1e-04,0,0.0738334655761719,6.43200516700745,"1_58_2",1,58,2,230,FALSE,TRUE,3,0.178436875825885,1,FALSE
"64",2.5362862975,0.9065728774,0.26907602536,0.56563009455,0.987206618,0.18741061448,2.1783954775,0.66478414784,0.330804206084,2.1481171265,0.63603461836,0.20979450704,2.03927751325,0.94024089206,0.39330280339,1.39057610575,0.64646730524,0.40139147925,0.70089704129,34719.7563477376,25439.6702502426,15313.6021393014,7801.96479147904,3917.66542952995,80.6138502570716,1.66276351216535,1.36211091337957,1.64314338800797,1.26282097530519,1.48649282649453,1.22900799241174,0.0446645193795899,-0.0317399380487966,-0.17793446913244,0.19856108880544,0.239540434730329,0.250203772370034,0.239540434730329,0.261903916926603,0,35535.7437809202,0.1561877242,227396.58932533,1e-04,0,0.0758602619171143,6.56420946121216,"1_59_3",1,59,3,235,FALSE,TRUE,3,0.167379909873123,1,FALSE
"65",2.55094123675,0.48495891575,0.29004795205,1.52648355575,0.69592768019,0.24079371716,1.92233596775,0.85415608388,0.47598148568,1.581105908,0.67914507974,0.12533278154,2.138046562,0.91085702958,0.33671490154,1.20558178,0.71817199298,0.56114876415,0.70909974671,43645.6850038601,13750.8929201721,13792.8303313116,8069.04507227747,5855.59765146474,59.4198589489132,2.25533414527305,1.40176307986432,1.50409584172181,1.14192016018219,1.89106904833754,1.31465612264916,-0.0043181967333088,-0.0717359640311446,-0.304073856602491,0.203005774532125,0.247592130061167,0.257921866149296,0.247592130061167,0.24907309756353,0,43274.4430405128,0.1902228574,227396.58932533,1e-04,0,0.0779151916503906,6.68295407295227,"1_60_2",1,60,2,238,FALSE,TRUE,4,0.184825387552733,2,FALSE
"66",1.547475932,0.55715023789,0.34323862111,1.975226554,0.62439981819,0.29095401492,2.11436990025,0.99499875998,0.5016257326,1.17545033,0.79314538959,0.14590604946,2.12242028525,0.55648700196,0.20904569233,2.30282983375,0.93246725976,0.3612550769,0.64427272907,48924.1100924962,16274.0975032187,7649.96286243309,9487.86920140459,7029.18908988496,55.8099150141926,1.55963045786587,1.51358884529489,1.26281722737999,1.16917911817016,1.98662451914983,1.40672280930461,0.79775200665273,0.293573990329311,0.212584291865347,0.0889145167206503,0.178492302952581,0.196045597225264,0.178492302952581,0.578208134283617,0,6278.65449128806,0.02751378332,227396.58932533,1e-04,0,0.0722053050994873,6.79418683052063,"1_61_1",1,61,1,241,TRUE,TRUE,5,0.153152006222196,6,FALSE
"67",2.45776130425,0.59762305937,0.29256514489,1.6449522235,0.55877600014,0.25773937348,2.016007784,0.79603168454,0.50002977116,1.5579140405,0.7318703802,0.1682400071,2.1160366155,0.75399975061,0.32322078103,1.5091557335,0.76327513414,0.51116552605,0.69196124468,44324.292301835,16967.4054614826,11227.0926172306,8825.85076067644,5612.85307001602,48.4311973692635,2.0293032056971,1.40667912702208,1.47433497972517,1.20028890086888,1.9803965518649,1.34438556312136,0.151819680422128,0.0579555120563687,-0.10035925708994,0.188053387690913,0.221248009219709,0.241413217215323,0.221248009219709,0.245128634574905,0,22966.2273560164,0.1009064487,227396.58932533,1e-04,0,0.0672740936279297,6.79632139205933,"1_61_2",1,61,2,242,FALSE,TRUE,1,0.146615621740563,2,FALSE
"68",2.6102667695,0.96672285834,0.27225435676,0.66131367515,0.97867655352,0.18438748276,2.15592514975,0.77224254826,0.38285728628,1.7810803425,0.69374672351,0.17439703602,2.0490035585,0.87623047706,0.38865124624,1.186232278,0.61480574755,0.60744642995,0.70684056179,39288.7865877197,27169.1991179115,14183.705032488,8385.83878497002,4790.7773944476,79.7247884771125,2.51450336469622,1.36797451638711,1.63075425716472,1.20915943896402,1.60994696146697,1.2244890104743,0.116896922107565,0.0250249409957255,-0.123081150641627,0.190907016737752,0.232857625936832,0.24430865752252,0.232857625936832,0.27862713855961,0,26269.6567753633,0.1154350738,227396.58932533,1e-04,0,0.0689651966094971,6.80572056770325,"1_61_3",1,61,3,243,FALSE,TRUE,5,0.154621009860193,1,FALSE
"69",2.44089626975,0.49744965408,0.2728353439,1.337682999,0.7272213204,0.22795823716,1.9865653115,0.97371166184,0.4075161514,1.4476292035,0.67317556038,0.114075975726,2.14645982675,0.93293329743,0.37672997827,1.218554624,0.69072945877,0.58780005115,0.69834586211,43161.8108062532,13984.4836926166,14867.7253671719,7970.33780783861,6195.34620086775,61.4073315916982,2.39761890670971,1.36905185773783,1.59983695670151,1.12753848722027,1.67590232118029,1.29299513358819,-0.0358641734364376,-0.0811100274085186,-0.214691491828266,0.207820541542819,0.242820280661291,0.252046366341691,0.242820280661291,0.232334238516566,0,53644.3984130228,0.2358303685,227396.58932533,1e-04,0,0.0670297145843506,6.9229257106781,"1_62_3",1,62,3,247,FALSE,TRUE,2,0.171030047766746,2,FALSE
"70",2.537188392,0.58138125806,0.31633783477,1.330744507,0.67287453238,0.27104216008,2.0624159,0.85727230097,0.48009844884,1.54250966125,0.70248686912,0.27014051714,1.846608009,0.5940470666,0.25417642333,1.8949663075,0.79881934298,0.5470232674,0.67647565658,47887.9625383038,16718.0199725732,8395.44787664699,8877.88750302066,5904.85478352954,59.0306165954523,2.18653225872083,1.45487720168701,1.33875424520782,1.36620830531101,1.90578492501672,1.36867937747866,-0.0293252710048066,-0.237163637309335,-0.23464871794633,0.205547768728119,0.227185788433516,0.255458368760388,0.227185788433516,0.385850301879518,0,49492.7270641907,0.2175711388,227396.58932533,1e-04,0,0.0696170330047607,6.93294548988342,"1_62_4",1,62,4,248,FALSE,TRUE,4,0.190879728124189,3,FALSE
"71",2.00247664475,0.61004793533,0.16848474799,1.1022989995,0.46664455591,0.28953852256,1.22226759775,0.78909517706,0.46466134764,1.70796678425,0.79565182282,0.1436416011,2.0923310065,0.59976198364,0.36777085342,1.19128955125,0.65670697937,0.57725440035,0.70147458032,40573.0434945096,16414.3720858513,9447.82810320102,9510.44729597893,5340.46929750103,41.6532444792857,2.33923347936307,1.19952486652791,1.57736028707721,1.16611498409789,1.85175416798845,1.40394893533966,-0.140743452483951,-0.186319365323524,-0.334723801865568,0.216975243399409,0.256858843153455,0.266335458971498,0.256858843153455,0.243717513589245,0,122187.380422479,0.5372853604,227396.58932533,1e-04,0,0.0776679515838623,7.036705493927,"1_63_1",1,63,1,249,FALSE,TRUE,5,0.204172830732866,4,FALSE
"72",1.87745338125,0.74089097325,0.28977409639,1.35615365475,0.7534386801,0.16175818844,2.04133079975,0.73590041943,0.47672082848,1.6717871735,0.62159216376,0.24721300308,2.053947293,0.65820677998,0.28494281152,2.05360357,0.88233653002,0.33995032461,0.7042235195,45762.07034124,21004.8393576568,9503.48242362868,7761.32950012654,5049.18535091251,60.2998299183129,1.50989547789126,1.40123032772878,1.39596630680796,1.32499150376784,1.89369501027004,1.19168551214887,0.530025945920106,0.348051671068704,0.204167001751981,0.139268575377085,0.190414624466045,0.205657361395562,0.190414624466045,0.289881208024344,0,5897.71009255586,0.02583837342,227396.58932533,1e-04,0,0.0762810707092285,7.04281949996948,"1_63_2",1,63,2,250,FALSE,TRUE,2,0.0689161953589565,6,FALSE
"73",2.14705832325,0.50951780122,0.28792243756,1.32815380175,0.8960930871,0.17079658,2.174151905,0.91059697419,0.52713556228,1.500458634,0.80056798862,0.2116236264,2.030261241,0.85949256853,0.34432920406,1.23848579525,0.6898529978,0.6312756128,0.71028130835,45415.4820901949,14431.5863270121,13140.314649923,9828.21419005737,6637.56715839634,72.2202687329691,2.6724526196197,1.39763882042525,1.52142368982441,1.26572388029898,2.09177232345889,1.20457544306768,-0.0824714488253053,-0.136983280044128,-0.377515994150807,0.210756487059103,0.255017493567608,0.265085146244376,0.255017493567608,0.261980292547776,0,70989.7976626123,0.3121161827,227396.58932533,1e-04,0,0.0759091377258301,7.05832386016846,"1_63_4",1,63,4,252,FALSE,TRUE,9,0.201687644083732,3,FALSE
"74",1.65246463925,0.66017777012,0.38156455411,1.19688498325,0.61781789676,0.2173664234,2.1752667955,0.84383021301,0.49839726608,1.52004000875,0.77667257197,0.21953882346,2.0784203635,0.72710101903,0.22529452279,1.598077472,0.7237032555,0.557699538,0.60081537359,43832.4820569305,19769.70605881,10090.2802026745,9569.07820731929,5938.30512542678,51.7034110338553,2.23813913335284,1.60597766467984,1.28914658660814,1.27844137673727,1.97406627048436,1.27564882437573,0.798459632355332,0.0580002854848539,0.342797441462959,0.0890366669073174,0.238701787334624,0.17808894553591,0.238701787334624,0.279979561032631,0,10054.6620330635,0.04412082739,227396.58932533,1e-04,0,0.0779869556427002,7.15984010696411,"1_64_1",1,64,1,253,TRUE,TRUE,6,0.0220188806071472,3,TRUE
"75",1.767022767,0.62408372801,0.23591468197,1.327460156,0.92526211972,0.36866861752,1.93548155225,0.92012398742,0.4605002314,1.42126968675,0.72928867471,0.1253933898,2.0060641275,0.63047585193,0.26521179523,1.08871513525,0.5247895769,0.48455118025,0.69883388234,29832.6908465278,17249.0119703695,8976.82998977691,8664.97648907238,6198.24621547513,89.5861650933548,1.92642426651094,1.30381969105947,1.35872920029703,1.14199859035089,1.83771083910105,1.57781489281553,-0.091056108017705,-0.129245109179426,-0.2580066476813,0.213285144877497,0.248167049965954,0.256500912246517,0.248167049965954,0.227612534648699,0,76702.7784346665,0.3372421186,227396.58932533,1e-04,0,0.0743820667266846,7.17055201530457,"1_64_3",1,64,3,255,FALSE,TRUE,1,0.181319179139861,2,FALSE
"76",1.0262650805,0.53895128117,0.26715812392,1.5160310825,0.51142905987,0.21461562304,2.07730771975,0.76083256219,0.53527548584,2.00638970975,0.52792044513,0.228078031,2.0311149325,0.74607564463,0.37353322624,1.52923748875,0.7718658231,0.6425988973,0.71199841223,51594.7900729753,15109.8240818627,11840.5826665435,6530.24788469127,5603.46880698116,42.701557053415,2.75464593710307,1.35859704594999,1.59174403343274,1.29245172008325,2.12770654652329,1.2712193819773,-0.138702942309001,-0.160267279491783,-0.338894041406182,0.216161301878085,0.259998285909433,0.267191857840082,0.259998285909433,0.247027919973435,0,117592.327474735,0.5170761193,227396.58932533,1e-04,0,0.0762965679168701,7.18057012557983,"1_64_4",1,64,4,256,FALSE,TRUE,7,0.206202496636365,3,FALSE
"77",2.27503760675,0.53064443654,0.29449869892,2.0701257635,0.4407824691,0.25703064252,1.9177748325,0.97251554335,0.47110917124,1.28390077675,0.7281979128,0.103217843606,2.1644641795,0.96152609852,0.32709567517,1.88077415125,0.8970499703,0.4163085902,0.67326484721,48626.7371949212,15080.8745630174,14386.2306054653,8594.26738570891,6630.01772227833,38.1799376647547,1.70463883612689,1.41047896184945,1.48276006380149,1.11400670875935,1.87394447382391,1.3431153519677,0.783420529616334,0.237830888945893,0.288985245268688,0.0936096492933476,0.177038933456306,0.192470095452014,0.177038933456306,0.29976530964223,0,6670.22598905046,0.02923593166,227396.58932533,1e-04,0,0.072382926940918,7.27888917922974,"1_65_1",1,65,1,257,TRUE,TRUE,2,0.0450143738902709,2,TRUE
"78",1.88793289,0.60404650486,0.38648598433,1.43833916525,0.85969543917,0.16472251824,2.109867944,0.89638933235,0.45397114088,1.36931491625,0.69526914056,0.110552637366,2.16249520075,0.89070159848,0.39066894349,1.282613652,0.76985036798,0.52447282945,0.68451029741,45216.8275857506,18151.1723513562,14456.35497633,8223.24713646121,5994.64847155248,68.9611508825871,2.08495479651333,1.61866989102021,1.63610532086561,1.12311153309545,1.8161006654409,1.19588266225984,0.794381404729163,0.434052177501113,0.288876964945839,0.090739352431645,0.173438267035538,0.191150925474283,0.173438267035538,0.364852125911196,0,6023.04822415433,0.02638961593,227396.58932533,1e-04,0,0.0684108734130859,7.28222346305847,"1_65_2",1,65,2,258,TRUE,TRUE,2,0.0651323586052848,2,FALSE
"79",1.91759211325,0.66976809968,0.28171217413,0.8073417705,0.71386949646,0.21552401524,2.10365598425,0.91666946404,0.46271639876,1.8640894185,0.79067475744,0.19665008568,2.05344202975,0.64036884567,0.31454812561,1.53775681875,0.72854846706,0.484321616,0.71160567566,41408.4672728641,18911.2393400352,9456.94325637971,9643.89392041028,6190.32518263781,59.6495256159055,1.92558201625283,1.385727396548,1.45581986749167,1.24234619768209,1.84516351658305,1.27267871743733,-0.00764086139174558,-0.0438439091432701,-0.231507795096432,0.203341307206778,0.246609182229517,0.25625284625505,0.246609182229517,0.263093747547185,0,44299.7195226418,0.1947320676,227396.58932533,1e-04,0,0.0689046382904053,7.38687109947205,"1_66_1",1,66,1,261,FALSE,TRUE,4,0.181360215056273,3,FALSE
"80",2.86601987975,0.61533768651,0.14663384065,1.50085738125,0.40952126248,0.21518849488,1.86246230925,0.84223709386,0.58690872388,1.43931558425,0.59787120993,0.28608143476,1.88843521,0.73219594957,0.27382357702,1.33630936,0.67042245359,0.7013355539,0.68298896234,50850.2597765095,16428.6310311048,10487.7864493509,7623.67488342208,6652.50165941413,34.2091852983397,3.27709674926412,1.16923751115395,1.37473512806604,1.39641120087352,2.38788357050797,1.27213931424863,-0.0964487451578322,-0.193994214106965,-0.237792304423701,0.211027378257681,0.25371023894446,0.253985003859993,0.25371023894446,0.26352793299289,0,76132.507857614,0.334734044,227396.58932533,1e-04,0,0.064650297164917,7.38688850402832,"1_66_2",1,66,2,262,FALSE,TRUE,9,0.176149934068088,3,FALSE
"81",1.88126379175,0.72765297946,0.27296069662,1.26936471325,0.7035351257,0.17550899928,2.03148984325,0.77952159787,0.45686258784,1.716612294,0.78269611355,0.22213170434,2.05275968325,0.4010107805,0.104892614617,2.498322769,0.94115482858,0.343218799525,0.68926359782,48897.5803175211,20457.2882496582,5257.69919358822,9654.83232468764,5229.84409289293,56.9104954169627,1.51731960265407,1.36928452693932,1.11660485969219,1.28266326325971,1.82560774546923,1.21140669149538,0.780181292554478,0.455367742867496,0.302597901506338,0.0938202976780927,0.170140775811398,0.189297839190884,0.170140775811398,0.285273420680491,0,9679.55354343366,0.04247108407,227396.58932533,1e-04,0,0.0672879219055176,7.39501738548279,"1_66_3",1,66,3,263,TRUE,TRUE,1,0.0354911711977038,6,FALSE
"82",1.2569756215,0.66749469988,0.18157865248,1.36016869875,0.6737845573,0.3753348964,1.91812665875,0.78975577497,0.540341937,1.7297427325,0.70567796717,0.19261000234,2.14832920825,0.54001332439,0.18169737484,1.1372323045,0.53656865225,0.47705298145,0.72547170386,30329.1709422493,18047.4359543587,7325.10375056013,8592.63669952221,5854.50998819097,65.7253907470445,1.89928786256242,1.21844306260132,1.22084591200842,1.23618606938594,2.15070260296008,1.59444334450082,-0.0677044179920956,-0.112850562853873,-0.37951105500104,0.209473960062033,0.251369124326478,0.265702016417102,0.251369124326478,0.254059165293337,0,65702.5575301815,0.2888626725,227396.58932533,1e-04,0,0.0711853504180908,7.50782442092896,"1_67_3",1,67,3,267,FALSE,TRUE,6,0.202900685613102,5,FALSE
"83",1.94320647775,0.63290216841,0.22219664923,1.68828147125,0.69592768019,0.24079371716,1.92233596775,0.85415608388,0.47598148568,1.581105908,0.67914507974,0.12533278154,2.138046562,0.91085702958,0.33671490154,1.20558178,0.71817199298,0.56114876415,0.70909974671,43645.6850038601,17390.4804124601,13792.8303313116,8069.04507227747,5855.59765146474,59.4198589489132,2.25533414527305,1.28114821283292,1.50409584172181,1.14192016018219,1.89106904833754,1.31465612264916,0.128548585164607,0.0386817577826271,-0.182279296692311,0.189101213396023,0.234491187359858,0.245582327147981,0.234491187359858,0.240757493350518,0,23751.4788620088,0.1043600187,227396.58932533,1e-04,0,0.0720961093902588,7.51607894897461,"1_67_4",1,67,4,268,FALSE,TRUE,1,0.156168971131401,2,FALSE
"84",1.547475932,0.55715023789,0.34323862111,1.975226554,0.62439981819,0.29095401492,2.04619667475,0.88859942246,0.48796396004,1.35355232125,0.78424025811,0.16382170218,2.011727402,0.55648700196,0.20904569233,2.30282983375,0.93246725976,0.3612550769,0.64427272907,48924.1100924962,16274.0975032187,7649.96286243309,9441.75143236414,6176.82202317802,55.8099150141926,1.55963045786587,1.51358884529489,1.26281722737999,1.19400339211587,1.9345467839958,1.40672280930461,0.802793500104858,0.290892532150916,0.197045872638906,0.0877993244165981,0.178830743434504,0.197970474345591,0.178830743434504,0.391863269422884,0,6278.65449128806,0.02751378332,227396.58932533,1e-04,0,0.0664570331573486,7.62236285209656,"1_68_3",1,68,3,271,FALSE,TRUE,3,0.0829655247509669,6,FALSE
"85",1.8477394435,0.65281636922,0.33404317414,1.32112562225,0.61896474561,0.19192798596,2.09058726775,0.79603168454,0.50002977116,1.5579140405,0.77203551038,0.216678877,2.075092527,0.4191358756,0.19580018293,2.602225443,0.89039776054,0.332144750595,0.63244397615,45991.0794520486,18963.6858124439,5724.29934365905,9499.52977815137,5612.85307001602,50.7273273668304,1.49245474417472,1.49299054134548,1.24213557096339,1.27381681153618,1.9803965518649,1.23582279861776,0.787870396345781,0.326152242805711,0.23301725127414,0.091465496298417,0.16945090151678,0.19306195690216,0.16945090151678,0.565893877574204,0,9752.50971500882,0.04279194846,227396.58932533,1e-04,0,0.0656936168670654,7.62876510620117,"1_68_4",1,68,4,272,TRUE,TRUE,2,0.146391284326356,6,FALSE
"86",1.008753374,0.47754891931,0.22191072115,1.695941722,0.343928957254,0.21953151752,1.934297248,0.54587452834,0.48093707476,1.6376116375,0.64750020529,0.15466878224,2.0461113045,0.64460143809,0.19186560988,2.0703399585,0.83409375495,0.61501083745,0.69897384626,53790.6590198188,13120.2109671059,8786.72705125459,7769.51397114604,3763.60370145736,28.8348735470903,2.56259014530274,1.28068410453093,1.23612173035878,1.18119021117531,1.90881070128892,1.27915682055409,-0.121838442456268,-0.153850754101785,-0.280129004090914,0.216272960308588,0.250856193576559,0.258746399233223,0.250856193576559,0.273999465200749,0,97689.7988293926,0.4295439397,227396.58932533,1e-04,0,0.0631716251373291,7.71962428092957,"1_69_2",1,69,2,274,FALSE,TRUE,8,0.187528686744263,5,FALSE
"87",2.44089626975,0.59875691321,0.24329881435,1.32950472475,0.88565395987,0.34052654144,1.9530031335,0.8801652836,0.46610281248,1.525517103,0.67317556038,0.114075975726,2.14645982675,0.93293329743,0.37672997827,1.218554624,0.69072945877,0.58780005115,0.69834586211,43161.8108062532,16602.9046089085,14867.7253671719,7970.33780783861,5966.50100841396,83.1862565535679,2.39761890670971,1.31636088580767,1.59983695670151,1.12753848722027,1.85666921001817,1.51126902389001,-0.0357360491746841,-0.082047385268597,-0.214673098366589,0.207807688662319,0.242925524428367,0.252044458028855,0.242925524428367,0.234394307133304,0,53644.3984130228,0.2358303685,227396.58932533,1e-04,0,0.0795044898986816,7.83878374099731,"1_70_1",1,70,1,277,FALSE,TRUE,3,0.17103788367807,2,FALSE
"88",1.82925282975,0.72223723815,0.24983842315,1.4479800635,0.51649904493,0.14553910672,1.22226759775,0.78909517706,0.46466134764,1.70796678425,0.79565182282,0.1436416011,1.9475295525,0.56583588836,0.26667450376,1.9907160765,0.87466904383,0.40043963555,0.71177115392,46948.5193933701,20085.8132087813,8064.58483951469,9510.44729597893,5340.46929750103,40.8309247149589,1.66016086766263,1.32767225204058,1.36142154110559,1.16611498409789,1.85175416798845,1.16923066047477,0.0657080076932578,0.0216546970470252,-0.16705376589174,0.195800609421979,0.238746791849909,0.249456915181013,0.238746791849909,0.400069026484089,0,30810.3407475586,0.1354051978,227396.58932533,1e-04,0,0.0759360790252686,7.84974455833435,"1_70_3",1,70,3,279,FALSE,TRUE,9,0.180258955160214,4,TRUE
"89",1.890945409,0.74089097325,0.28977409639,1.35615365475,0.7534386801,0.18558309752,2.0356654605,0.67783574199,0.48110532832,1.78635744675,0.80224332361,0.26367322154,2.029608724,0.51505994251,0.24213545371,2.28608445775,0.94037307033,0.32135729546,0.69911582555,48302.9992515022,21004.8393576568,7222.47283472776,10103.1824333089,4674.33661567917,61.4349839872612,1.46900094857642,1.40123032772878,1.31761696317952,1.35432441947622,1.90941892156494,1.226272256064,0.207091974027467,0.106044152861964,-0.0527396824224318,0.180895431448456,0.22297272782227,0.236534113737765,0.22297272782227,0.421205019760171,0,18690.306064093,0.08210076239,227396.58932533,1e-04,0,0.0766007900238037,7.85854649543762,"1_70_4",1,70,4,280,FALSE,TRUE,5,0.157768873927768,6,FALSE
"90",2.1965491035,0.55444686155,0.35854367323,1.3036896435,0.98001232313,0.1022130745576,2.0051783145,0.79854586677,0.48522423896,1.42369868125,0.76885193082,0.18736356586,1.9878222715,0.74905614698,0.32472736363,0.636987912775,0.67664320183,0.6795071105,0.65875209905,48443.7303191864,16350.6314665003,11174.3488773279,9341.68581795365,5533.12571634604,75.070087967537,3.06139481457865,1.54917091654621,1.4775993360647,1.22827735437461,1.92443033133742,1.11318068863837,0.0266953796395079,-0.329369706135288,-0.200539396501113,0.198914790589947,0.23965957235427,0.244387803121348,0.23965957235427,0.288814984194846,0,37023.9683366945,0.162733,227396.58932533,1e-04,0,0.0729949474334717,7.95716023445129,"1_71_1",1,71,1,281,FALSE,TRUE,8,0.155453729811889,3,FALSE
"91",1.0262650805,0.53895128117,0.26715812392,1.5160310825,0.51142905987,0.21461562304,2.07730771975,0.69334739766,0.56185118156,1.754390538,0.69585600866,0.18921305654,2.092321667,0.74607564463,0.37353322624,1.52923748875,0.7718658231,0.6425988973,0.71199841223,51594.7900729753,15109.8240818627,11840.5826665435,8461.16617464398,5288.24680761138,42.701557053415,2.75464593710307,1.35859704594999,1.59174403343274,1.2310537569842,2.25412724455388,1.2712193819773,-0.139074661067155,-0.16056072967976,-0.33892155563671,0.216196580900957,0.260031162697255,0.267194603218124,0.260031162697255,0.245276903114078,0,117592.327474735,0.5170761193,227396.58932533,1e-04,0,0.0657012462615967,8.07112884521484,"1_72_2",1,72,2,286,FALSE,TRUE,7,0.206181004880273,3,FALSE
"92",2.34872853875,0.66322501432,0.36330372751,1.44816511525,0.79167987379,0.11886757012,2.05000523925,0.77581491811,0.65712885072,1.2049127565,0.90716556964,0.20308684832,2.06431075725,0.33769348156,0.114070001578,2.59488015125,0.98046576759,0.3183588455,0.64709677247,50285.6729068129,19618.7213416439,4441.98433792642,11095.1943013405,6848.33934558448,61.3685562139521,1.46261152222721,1.56058302052368,1.1281151400517,1.25228880379287,2.86380567252375,1.13408155764378,0.33494585445878,-0.111336821495986,0.0398315527476389,0.16245178873603,0.225566415395577,0.218119355094499,0.225566415395577,0.608013938916599,0,11647.8962067926,0.05112794002,227396.58932533,1e-04,0,0.0676321983337402,8.08801674842834,"1_72_4",1,72,4,288,FALSE,TRUE,7,0.184802320189318,6,FALSE
"93",2.590732975,0.79460488175,0.24991418938,1.22294078125,0.93602501991,0.2381019,2.1913937565,0.78292173482,0.38373312256,1.83663707825,0.69993239097,0.20426759398,2.07291338775,0.93540997156,0.32030614231,1.36023605575,0.6504469899,0.59986515805,0.67615224911,41199.6481752219,22099.1565287904,13878.1158066442,8564.98424263559,4861.335523972,79.7327407941031,2.46807952466501,1.32780444923341,1.46806039849483,1.25412999079899,1.61220032506286,1.31005375038673,-0.0264172204609128,-0.236036855328192,-0.228932164427738,0.205257206501999,0.22708230690573,0.254866283042455,0.22708230690573,0.260521622655668,0,48563.49147717,0.2134843206,227396.58932533,1e-04,0,0.0659162998199463,8.1815779209137,"1_73_2",1,73,2,290,FALSE,TRUE,2,0.178077699487673,1,FALSE
"94",2.7974334485,0.4278894071,0.29029426858,1.5320847615,0.60874365515,0.29125569212,2.026817116,0.90067418901,0.49995927636,1.8640894185,0.79067475744,0.19665008568,2.05344202975,0.64036884567,0.31454812561,1.53775681875,0.72854846706,0.484321616,0.70315594229,41408.4672728641,12134.232154606,9456.94325637971,9643.89392041028,6350.15693026733,54.4262135827971,1.92558201625283,1.40224260638695,1.45581986749167,1.24234619768209,1.9801223587499,1.40731540471382,-0.0597769101852903,-0.114953849200352,-0.269979119354549,0.209133409791232,0.249013078786061,0.25979547254664,0.249013078786061,0.277441829850122,0,62404.8016795558,0.274359,227396.58932533,1e-04,0,0.0660617351531982,8.18703103065491,"1_73_3",1,73,3,291,FALSE,TRUE,7,0.190095648657018,2,FALSE
"95",2.86601987975,0.61533768651,0.14663384065,1.50085738125,0.40952126248,0.21518849488,1.983198331,0.81619464932,0.41347894092,1.7282222625,0.81101569848,0.14518603786,2.02262280025,0.73219594957,0.27382357702,1.33630936,0.67042245359,0.7013355539,0.68298896234,50850.2597765095,16428.6310311048,10487.7864493509,9699.23158892676,5225.55535435925,34.2091852983397,3.27709674926412,1.16923751115395,1.37473512806604,1.1682030850732,1.69267244237203,1.27213931424863,-0.0969159495559884,-0.195276302890519,-0.239666960207026,0.21107233358238,0.253846417066172,0.254177263220785,0.253846417066172,0.256696416512455,0,76132.507857614,0.334734044,227396.58932533,1e-04,0,0.0663533210754395,8.19407391548157,"1_73_4",1,73,4,292,FALSE,TRUE,7,0.176370461948234,2,FALSE
"96",1.88126379175,0.72765297946,0.27296069662,1.26936471325,0.7035351257,0.17550899928,2.07235685075,0.82239173742,0.41447532384,1.716612294,0.78269611355,0.22213170434,2.05275968325,0.4010107805,0.104892614617,2.498322769,0.94115482858,0.343218799525,0.68926359782,48897.5803175211,20457.2882496582,5257.69919358822,9654.83232468764,5270.73444497774,56.9104954169627,1.51731960265407,1.36928452693932,1.11660485969219,1.28266326325971,1.6955075825617,1.21140669149538,0.779937599897159,0.452081966455266,0.304816887870658,0.0938722882134209,0.170653235267313,0.188996446361286,0.170653235267313,0.262919758642314,0,9679.55354343366,0.04247108407,227396.58932533,1e-04,0,0.0712532997131348,8.28867506980896,"1_74_1",1,74,1,293,TRUE,TRUE,1,0.0292671351742022,6,TRUE
"97",1.86169109575,0.59842618414,0.24174042931,1.3543617775,0.90249309365,0.32849867992,1.95110422775,0.91126401602,0.47407362424,1.47422290425,0.72451929989,0.13539440562,2.011794331,0.63969716634,0.27139120783,1.31697626075,0.58482670027,0.46791924005,0.70089704129,32834.1154835436,16582.2551551038,9147.21500389166,8636.21415243236,6233.47106317778,83.7173877569898,1.86724285694517,1.31369395375096,1.37017631836868,1.15509026542382,1.8843263569964,1.48450479148628,0.0443753915378788,-0.0303221113933057,-0.185360941942448,0.198591133327597,0.239375788795474,0.250991257598069,0.239375788795474,0.230791968747857,0,35535.7437809202,0.1561877242,227396.58932533,1e-04,0,0.0674746036529541,8.29821991920471,"1_74_3",1,74,3,295,FALSE,TRUE,1,0.168584000310744,2,FALSE
"98",2.43220982825,0.71285479788,0.34563833344,1.345937843,0.89475418205,0.11814535132,2.0669000505,0.84649640752,0.582033506,1.3812710285,0.63388740098,0.21024347208,2.03756125625,0.89154449312,0.31029967981,1.29721411525,0.91780373277,0.35080819175,0.63766785293,47879.4884907445,20852.7005114673,13122.1614794535,7777.17402019429,6639.70145135646,69.3224232508632,1.53484179287393,1.51905875876632,1.44691811554949,1.26353226937919,2.36063235956749,1.13315900837694,0.202151963646979,-0.240834443212724,-0.0133373594048791,0.178744231370411,0.237783453000773,0.223733560307509,0.237783453000773,0.458641000878771,0,18509.3215206368,0.08130478456,227396.58932533,1e-04,0,0.0668380260467529,8.30511331558228,"1_74_4",1,74,4,296,FALSE,TRUE,9,0.143446202237341,6,FALSE
"99",1.94320647775,0.63290216841,0.22219664923,1.68828147125,0.69592768019,0.24079371716,1.92233596775,0.85415608388,0.47598148568,1.454147305,0.63848449306,0.117780576246,2.18866810775,0.80675179429,0.28862256532,1.20558178,0.71817199298,0.56114876415,0.70909974671,43645.6850038601,17390.4804124601,11679.7265811987,7568.11922122963,5855.59765146474,59.4198589489132,2.25533414527305,1.28114821283292,1.40313723484627,1.1322311514722,1.89106904833754,1.31465612264916,0.128208416731846,0.0385608321560414,-0.183127073701154,0.189138117339338,0.234505935390654,0.245670361228155,0.234505935390654,0.240691575937044,0,23751.4788620088,0.1043600187,227396.58932533,1e-04,0,0.0658590793609619,8.3975613117218,"1_75_2",1,75,2,298,FALSE,TRUE,1,0.156371435835409,2,FALSE
"100",1.9890042285,0.61722707695,0.24673210492,1.34511311525,0.89334422798,0.19970808984,2.02788749675,0.88472987524,0.50664301152,1.28553774075,0.82250751084,0.1866799744,2.016642707,0.63678937201,0.27222609448,1.03925612575,0.53290460004,0.52909350315,0.69658695701,31427.3688932731,17141.3643315331,9110.96410202989,9990.83222915812,6288.05786965567,73.6772167659754,2.10499584915773,1.32227505126301,1.37173768172849,1.22725434135074,2.00646139725548,1.24773779349151,-0.0896277541652142,-0.127006647523934,-0.256227599745626,0.213145488251073,0.247920961677762,0.256319478839255,0.247920961677762,0.23683197100138,0,76189.8190053019,0.3349861009,227396.58932533,1e-04,0,0.0687069892883301,8.41524934768677,"1_75_4",1,75,4,300,FALSE,TRUE,4,0.180941164414241,3,FALSE
